0479;Mr Jordon Davis;NFK;Castillo Drive 20;59710;Alder;990-078-708;JDavis@yahoo.com;15-04-1986;customer
0843;Mr Jesse Barnes;SLV;San Luis Obispo North 28;18160;Tunkhannock;718-545-950;JBarnes@gmail.com;23-06-1977;prospect
0362;Mr Alfonso Torres;HRV;Jones Road 47;65083;Ulman;;ATorres@msn.com;26-09-1983;beneficiary
0247;Mr Denzel Alexander;TTO;Bailard Avenue 46;16228;Ford Cliff;;DAlexander@msn.com;08-12-1982;beneficiary
0626;Mr Jeremiah Garcia;MDV;Padre Boulevard 20;99769;Savoonga;699-784-227;JGarcia@yahoo.com;11-01-1963;customer
0919;Mrs Emily Simmons;LTU;Fairview Avenue 40;29638;Donalds;;ESimmons@msn.com;10-07-1992;beneficiary
0715;Mrs Rosie Collins;WSM;Padre Boulevard 22;48754;Owendale;795-635-949;RCollins@msn.com;06-10-1959;customer
0783;Mr Alexis Johnson;MCO;San Marcos 23;99144;Lamona;679-656-452;AJohnson@msn.com;29-09-1960;prospect
0017;Mrs Morgan Ross;ROU;Fontaine Road 12;03576;Colebrook;;MRoss@yahoo.com;25-04-1964;customer
0384;Mr Denzel Nelson;DNK;French Camp Turnpike Road 34;14856;Kanona;;DNelson@yahoo.com;20-11-1994;beneficiary
0675;Mr Jaylon Edwards;BHS;Santa Ana Freeway 26;14740;Gerry;719-385-754;JEdwards@gmail.com;09-08-1985;customer
0477;Ms Amber Morris;VEN;San Ysidro Blvd 13;90401;Santa Monica;089-251-07;AMorris@msn.com;22-02-1967;prospect
0020;Ms Libby Williams;TKL;Santa Rosa North 42;49840;Gulliver;;LWilliams@gmail.com;21-03-1958;beneficiary
0021;Mr Axel Anderson;NAM;North Broadway Street 41;38459;Frankewing;606-947-958;AAnderson@gmail.com;07-10-1955;prospect
0738;Ms Imogen Miller;AIA;North Ventu Park Road 8;24464;Montebello;934-274-338;IMiller@msn.com;17-01-1986;customer
0991;Mr Amir Moore;BVT;East Fry Blvd. 50;0659;Hatillo;082-609-570;AMoore@yahoo.com;18-04-1985;customer
0920;Mr Asa Cooper;LIE;Cleveland Ave. 40;86325;Cornville;056-321-023;ACooper@gmail.com;13-03-1975;customer
0476;Mrs Emily Torres;KAZ;Jones Road 8;63850;Grayridge;807-196-613;ETorres@msn.com;19-11-1996;customer
0683;Mr Ariel Brooks;GRL;East Calle Primera 43;15533;Breezewood;608-795-102;ABrooks@gmail.com;05-11-1954;prospect
0027;Mr Devan Mitchell;PNG;Redwood Highway 17;54977;Scandinavia;;DMitchell@msn.com;15-02-1966;beneficiary
0028;Mr Adam Hernandez;TKL;Woodson Rd. 49;95010;Capitola;;AHernandez@gmail.com;09-08-1998;prospect
0282;Mr Jovan Moore;ZWE;Greenwood Road 9;42211;Cadiz;;JMoore@yahoo.com;16-06-1960;beneficiary
0990;Mr Elias Cook;BOL;San Simeon 17;46124;Edinburgh;728-045-144;ECook@yahoo.com;01-02-1955;customer
0839;Ms Chelsea Thompson;NGA;Bailard Avenue 1;38916;Calhoun City;;CThompson@yahoo.com;16-07-1979;beneficiary
0940;Ms Megan Sanders;GRD;Santa Rosa North 37;29801;Aiken;993-759-473;MSanders@gmail.com;22-10-1979;prospect
0404;Mr Johnathan Thomas;DMA;Harry S Truman Blvd 33;49259;Munith;;JThomas@msn.com;29-11-1955;beneficiary
0755;Ms Nicole Baker;SYC;Castillo Drive 3;36092;Wetumpka;103-415-168;NBaker@msn.com;13-01-1972;prospect
0595;Ms Isabelle Perez;GIB;W. Russell St. 29;71643;Gould;;IPerez@msn.com;28-09-1995;prospect
0844;Mrs Amy Baker;SPM;S Rustle St 42;38852;Iuka;975-199-052;ABaker@msn.com;04-05-1994;customer
0637;Mrs Laura Parker;GRC;Timberlane Drive 14;54637;Hustler;797-313-062;LParker@gmail.com;23-07-1959;prospect
0628;Mr Jerome Richardson;AFG;Burnett Road 2;36456;McKenzie;765-191-622;JRichardson@gmail.com;06-08-1985;customer
0438;Ms Morgan Parker;MCO;South Highway 15;17255;Shade Gap;734-070-570;MParker@msn.com;15-09-1982;customer
0457;Mrs Lucy Martinez;LAO;Steele Lane 40;02549;Mashpee;;LMartinez@gmail.com;27-06-1953;beneficiary
0848;Mr Drew Henderson;BMU;East Fry Blvd. 26;03082;Lyndeborough;;DHenderson@gmail.com;28-11-1976;customer
0040;Mr Kane Smith;MLT;Steele Lane 21;50649;Kesley;;KSmith@gmail.com;25-01-1956;customer
0041;Mr Elmer Adams;MRT;Jean de la Fontaine 40;13676;Potsdam;;EAdams@gmail.com;06-06-1973;beneficiary
0042;Ms Kate Washington;KAZ;Hutchinson Rd 42;01262;Stockbridge;530-581-396;KWashington@yahoo.com;15-12-1973;prospect
0043;Mrs Madeleine Phillips;GIB;Carpinteria North 22;19481;Valley Forge;728-105-727;MPhillips@yahoo.com;18-10-1970;customer
0044;Mrs Danielle Reed;PAK;Burnett Road 38;16641;Gallitzin;906-715-080;DReed@msn.com;13-06-1993;customer
0446;Ms Lara Williams;GRL;East Calle Primera 43;70422;Amite;;LWilliams@msn.com;12-11-1994;prospect
0869;Mr Abram Davis;BLZ;Westside Freeway 37;24957;Maxwelton;108-375-131;ADavis@gmail.com;16-10-1973;prospect
0526;Mr Jorge Diaz;BRN;Camelback Rd 19;20833;Brookeville;782-884-264;JDiaz@gmail.com;19-02-1953;customer
0689;Ms Ellie Baker;UKR;Cleveland Ave. 47;72425;Delaplaine;931-818-668;EBaker@yahoo.com;23-06-1979;prospect
0049;Mr Donald Collins;SYC;Santa Monica Road 25;14133;Sandusky;;DCollins@msn.com;30-06-1989;prospect
0339;Mrs Poppy Reed;TGO;San Diego Freeway 16;17864;Port Trevorton;;PReed@msn.com;05-01-1980;beneficiary
0767;Mr Devante Torres;PER;Cabrillo Highway 44;42452;Robards;;DTorres@msn.com;09-10-1991;prospect
0399;Mr Elvis Turner;BGD;Redwood Highway 18;06373;Oneco;;ETurner@msn.com;17-11-1983;prospect
0052;Mr Justyn Rodriguez;GTM;South Roosevelt Drive 48;57049;North Sioux City;601-181-891;JRodriguez@yahoo.com;26-11-1988;customer
0443;Mr Ayden Taylor;BLR;Via Real 46;68836;Elm Creek;585-512-119;ATaylor@gmail.com;18-06-1966;prospect
0251;Mr Jaylen Long;NCL;Via Real 45;32061;Lulu;;JLong@msn.com;31-10-2000;prospect
0811;Mrs Erin Smith;SVK;Fairview Avenue 33;58454;Jud;305-876-976;ESmith@yahoo.com;27-10-1955;customer
0694;Mrs Caitlin Rivera;HMD;Woodson Rd. 6;26218;French Creek;;CRivera@yahoo.com;01-03-1967;beneficiary
0057;Mrs Grace Moore;SLB;Padre Boulevard 31;47236;Grammer;;GMoore@msn.com;08-10-1978;beneficiary
0898;Mr Alessandro Lee;BRA;East Fry Blvd. 50;49417;Grand Haven;291-242-342;ALee@msn.com;25-08-1969;customer
0558;Mrs Megan Parker;LVA;Tully Road East 22;08742;Point Pleasant Beach;488-520-424;MParker@yahoo.com;17-11-1979;customer
0490;Ms Brooke Jones;FLK;Fairview Avenue 43;12514;Clinton Corners;634-434-329;BJones@gmail.com;06-06-1953;prospect
0060;Ms Lara Clark;ARM;Calle Real 1;56341;Holmes City;;LClark@msn.com;30-10-1959;beneficiary
0597;Mr Kaleb Turner;LUX;Monroe Street 28;21627;Crocheron;;KTurner@gmail.com;22-03-2000;beneficiary
0999;Mr Alexis Harris;TJK;North Erringer Road 7;18248;Sheppton;047-401-048;AHarris@msn.com;28-01-1985;customer
0063;Mr Alessandro Taylor;NER;Cerrillos Road 31;41203;Beauty;383-854-771;ATaylor@gmail.com;18-02-1961;customer
0064;Mr Elliot Clark;SGP;Grandview Drive 17;28019;Caroleen;;EClark@yahoo.com;05-06-1989;prospect
0961;Mrs Bethany Thompson;STP;Santa Monica Road 27;24919;Ballengee;;BThompson@msn.com;15-03-1987;prospect
0576;Mrs Grace Mitchell;ASM;San Diego Freeway 5;04541;Chamberlain;;GMitchell@msn.com;13-03-1956;beneficiary
0500;Mr Alexandro Kelly;LUX;Bailard Avenue 14;27948;Kill Devil Hills;;AKelly@gmail.com;10-07-1982;beneficiary
0343;Mr Drake Rogers;HUN;Tully Road East 20;15750;Josephine;;DRogers@yahoo.com;06-07-1958;beneficiary
0069;Mrs Bethany Smith;SLE;Westside Freeway 36;90266;Manhattan Beach;;BSmith@yahoo.com;12-03-1953;beneficiary
0926;Ms Summer Ramirez;MNP;San Marcos 8;52171;Waucoma;276-038-898;SRamirez@yahoo.com;15-01-1959;customer
0428;Mrs Amy Hughes;WSM;North Ventu Park Road 23;59487;Vaughn;383-748-528;AHughes@msn.com;03-05-1962;customer
0071;Mr Asher Jackson;TGO;Jean de la Fontaine 20;12427;Elka Park;;AJackson@gmail.com;11-10-1972;beneficiary
0627;Ms Zara White;ITA;Greenwood Road 2;19534;Lenhartsville;281-102-976;ZWhite@yahoo.com;15-12-1953;customer
0311;Mr Devan James;MNG;Fontaine Road 36;90262;Lynwood;072-259-362;DJames@gmail.com;23-06-1967;customer
0711;Ms Brooke Miller;SYR;Lake Tahoe Blvd. 26;32046;Hilliard;;BMiller@msn.com;05-12-1996;beneficiary
0927;Mr Alvin Foster;BMU;S Rustle St 46;24732;Kellysville;;AFoster@yahoo.com;29-12-1987;prospect
0076;Mr Diego Hayes;ZAF;San Luis Obispo North 31;02059;North Marshfield;;DHayes@yahoo.com;30-01-1999;prospect
0077;Ms Jade Edwards;LUX;Katella Avenue 32;79046;Higgins;;JEdwards@msn.com;02-09-1998;beneficiary
0663;Mrs Libby Williams;ZWE;Padre Boulevard 29;58269;Osnabrock;946-865-081;LWilliams@yahoo.com;26-07-1952;customer
0277;Mr Jude Roberts;KIR;E Fowler Avenue 6;44633;Holmesville;839-636-121;JRoberts@gmail.com;19-01-1973;customer
0616;Mr Justyn Harris;BGR;East 1st Street 32;60914;Bourbonnais;;JHarris@gmail.com;04-04-1994;beneficiary
0959;Mr Justyn Griffin;MYS;Jones Road 19;43360;Zanesfield;561-744-124;JGriffin@yahoo.com;27-09-1980;customer
0081;Mr Andrew Diaz;TUR;Carpinteria Avenue 10;83530;Grangeville;;ADiaz@msn.com;14-06-1986;prospect
0585;Mr Derek Price;SJM;East Fry Blvd. 10;27213;Bonlee;;DPrice@gmail.com;05-04-1964;beneficiary
0393;Mrs Aaliyah Gonzalez;BTN;Bailard Avenue 6;95222;Angels Camp;998-620-354;AGonzalez@yahoo.com;03-04-1955;prospect
0953;Mrs Lara Adams;BTN;South Highway 50;54408;Aniwa;;LAdams@msn.com;07-06-1993;beneficiary
0085;Mrs Rosie Patterson;TON;Santa Rosa South 2;60110;Carpentersville;;RPatterson@msn.com;14-11-1994;beneficiary
0434;Mrs Summer Martinez;KOR;North Preisker Lane 17;11040;New Hyde Park;;SMartinez@msn.com;08-03-1964;beneficiary
0087;Mr Donovan Washington;TKL;Harry S Truman Blvd 25;78886;Yancey;385-866-890;DWashington@msn.com;30-08-1965;prospect
0579;Ms Madeleine Bennett;NAM;E Fowler Avenue 43;28612;Connellys Springs;;MBennett@yahoo.com;06-01-1983;beneficiary
0917;Mrs Louise Barnes;CIV;San Luis Obispo North 42;60062;Northbrook;409-973-929;LBarnes@gmail.com;16-09-1964;prospect
0672;Mr Jordy Perez;AUS;Corona Del Mar 32;77448;Hungerford;461-685-107;JPerez@yahoo.com;22-08-1965;prospect
0762;Mr Augustus Carter;GRC;East Fry Blvd. 11;26237;Tallmansville;;ACarter@yahoo.com;21-05-1976;beneficiary
0776;Ms Charlie White;AZE;Harbor Dr 50;64855;Oronogo;844-138-072;CWhite@msn.com;18-12-1981;prospect
0092;Mr Dexter Allen;ESH;Lindbergh Blvd 20;14846;Hunt;915-499-713;DAllen@gmail.com;27-03-1973;prospect
0875;Mrs Maisie Anderson;CAF;Pacific Hwy S 20;42211;Cadiz;017-081-461;MAnderson@yahoo.com;06-12-1969;customer
0749;Mr Julius Griffin;SGP;W. Russell St. 28;21872;Whaleyville;;JGriffin@msn.com;10-10-1954;beneficiary
0445;Mrs Katie Collins;ATF;Fairview Avenue 26;48747;Munger;;KCollins@gmail.com;12-02-1958;beneficiary
0853;Mrs Lauren Jackson;HRV;Santa Rosa North 1;52040;Dyersville;;LJackson@gmail.com;07-12-1986;beneficiary
0705;Mrs Evie Jones;NPL;North Atherton Street 44;17026;Fredericksburg;679-682-992;EJones@msn.com;08-10-1968;customer
0868;Ms Aaliyah Ramirez;MNG;South Roosevelt Drive 24;39758;Sturgis;247-284-203;ARamirez@msn.com;13-05-1972;customer
0566;Mr Devan Edwards;SUR;San Ysidro Blvd 11;38582;Silver Point;;DEdwards@msn.com;29-02-1992;customer
0100;Mr Jonah Baker;TLS;Fairview Avenue 15;36509;Bayou La Batre;;JBaker@msn.com;04-12-1987;beneficiary
0946;Mr Johan Diaz;BRB;Monroe Street 45;01745;Fayville;337-686-017;JDiaz@yahoo.com;26-04-1974;customer
0101;Mr Ayden Griffin;FRA;Richmond Hill 27;78586;San Benito;;AGriffin@gmail.com;20-06-1999;prospect
0677;Mr Jordon Brown;GRL;Hutchinson Rd 19;22655;Stephens City;897-399-136;JBrown@msn.com;03-04-1983;customer
0456;Mrs Rebecca Perez;URY;El Camino Real 30;35548;Brilliant;;RPerez@yahoo.com;14-11-1954;customer
0394;Mrs Jessica Lopez;LIE;Harry S Truman Blvd 28;41540;Lick Creek;;JLopez@yahoo.com;12-01-1957;beneficiary
0105;Mr Agustin Hernandez;FSM;N Kentwood 44;49625;Copemish;;AHernandez@msn.com;30-07-1990;prospect
0292;Mr Judah Gonzalez;LBY;Grandview Drive 24;13621;Chase Mills;857-689-744;JGonzalez@gmail.com;01-06-1982;customer
0606;Ms Hollie Henderson;VIR;Redwood Highway 11;20747;District Heights;;HHenderson@yahoo.com;15-08-1980;beneficiary
0980;Mr Adan Perez;ESP;El Camino Real 7;77583;Rosharon;;APerez@msn.com;18-06-1983;beneficiary
0934;Mrs Kayleigh Ramirez;IRL;Jones Road 45;78560;La Joya;02-487-817;KRamirez@yahoo.com;21-07-1980;customer
0639;Mr Demetrius Bell;FLK;W. Russell St. 2;44452;North Lima;901-626-663;DBell@msn.com;13-08-1993;customer
0874;Mrs Megan Simmons;GLP;Padre Boulevard 37;19017;Chester Heights;476-210-622;MSimmons@msn.com;12-09-1960;prospect
0440;Ms Mia Brown;GUY;Erringer Road 44;56755;Saint Vincent;390-510-867;MBrown@msn.com;26-06-1955;prospect
0531;Ms Summer Murphy;KGZ;Lake Tahoe Blvd. 25;97020;Donald;;SMurphy@gmail.com;13-04-1955;beneficiary
0764;Ms Amy Cook;NZL;Carpinteria North 6;13364;Leonardsville;;ACook@yahoo.com;14-06-1984;prospect
0590;Ms Louise Robinson;PCN;Santa Monica Road 12;54130;Kaukauna;593-067-379;LRobinson@gmail.com;18-09-2000;customer
0116;Ms Kate Johnson;MLT;Santa Rosa South 47;03291;West Nottingham;597-574-642;KJohnson@msn.com;14-03-1960;prospect
0117;Mrs Ella Griffin;EST;Santa Monica Road 10;67454;Kanopolis;090-987-082;EGriffin@gmail.com;24-11-1959;prospect
0989;Mr Elmer Parker;CAN;Lawrenceville Suwanee 49;19423;Cedars;993-807-959;EParker@msn.com;29-06-1987;customer
0611;Mr Jayce Bennett;GIB;North Erringer Road 2;56444;Deerwood;244-759-955;JBennett@gmail.com;30-09-1959;prospect
0120;Mr Dwight Mitchell;BRB;East Calle Primera 16;40874;Warbranch;;DMitchell@msn.com;23-01-1982;prospect
0484;Mrs Sophie Morris;ANT;Santa Rosa South 3;69030;Haigler;698-014-427;SMorris@msn.com;05-11-1972;prospect
0995;Mr Josue Green;NZL;Hutchinson Rd 30;51044;Oto;;JGreen@gmail.com;09-03-1993;beneficiary
0769;Mrs Elizabeth Gonzalez;MDA;Cerrillos Road 43;18401;Aldenville;;EGonzalez@msn.com;10-04-1986;beneficiary
0996;Mrs Alice Rodriguez;HMD;Timberlane Drive 10;17066;Mount Union;487-333-260;ARodriguez@msn.com;13-07-1968;prospect
0125;Mr Eddy Thompson;ISL;San Diego Freeway 43;16316;Conneaut Lake;543-726-878;EThompson@gmail.com;12-07-1971;customer
0126;Ms Megan Barnes;ESP;Via Real 17;18627;Lehman;673-107-772;MBarnes@yahoo.com;11-11-1984;customer
0810;Mr Desmond Turner;ARG;Steele Lane 4;85928;Heber;052-015-983;DTurner@msn.com;24-09-1968;prospect
0480;Ms Chloe Ross;SDN;Milpas Street 50;76034;Colleyville;073-980-517;CRoss@msn.com;10-09-1983;customer
0499;Mr Josiah Henderson;PYF;Harbor Dr 15;14873;Prattsburgh;172-686-713;JHenderson@msn.com;10-02-1979;customer
0130;Ms Francesca Rivera;DEU;South Roosevelt Drive 44;83520;Ahsahka;095-895-885;FRivera@gmail.com;07-05-1968;prospect
0131;Mr Alexandro Powell;IRN;Bailard Avenue 19;27954;Manteo;687-985-163;APowell@gmail.com;24-03-1968;customer
0132;Mrs Niamh Bailey;NER;Timberlane Drive 14;38559;Doyle;;NBailey@gmail.com;05-05-1988;beneficiary
0933;Mr Johan Murphy;DNK;Jones Road 43;15379;West Middletown;796-560-489;JMurphy@gmail.com;23-05-1953;prospect
0134;Mrs Victoria Smith;MHL;Fontaine Road 14;28516;Beaufort;339-214-632;VSmith@yahoo.com;02-12-1981;customer
0852;Mr Jay Kelly;BMU;East Calle Primera 7;03276;Tilton;;JKelly@msn.com;27-08-1973;beneficiary
0837;Mrs Libby Moore;TKM;San Simeon 9;16641;Gallitzin;;LMoore@gmail.com;26-01-1982;prospect
0504;Mr Adam Thomas;BRN;S Rustle St 37;25645;Stirrat;392-124-661;AThomas@gmail.com;15-11-1995;customer
0921;Mr Allan Ramirez;PRY;Santa Monica Road 41;13814;North Norwich;;ARamirez@gmail.com;30-01-1989;beneficiary
0139;Mrs Isabella Moore;CCK;E Fowler Avenue 36;37391;Turtletown;919-709-990;IMoore@yahoo.com;26-02-1960;prospect
0958;Ms Amber Scott;BEN;Santa Rosa North 22;03816;Center Tuftonboro;241-529-857;AScott@yahoo.com;22-09-1971;customer
0786;Mr Dexter Lee;BDI;North Preisker Lane 1;26641;Wilsie;;DLee@yahoo.com;25-10-1981;beneficiary
0409;Mr Dominick Sanchez;VEN;Steele Lane 1;24570;Lowry;770-508-374;DSanchez@msn.com;12-06-1978;prospect
0475;Ms Isabelle Hernandez;GRD;North Atherton Street 17;47302;Muncie;;IHernandez@msn.com;19-01-1966;beneficiary
0144;Mr Kale Griffin;UGA;Westside Freeway 3;10927;Haverstraw;868-03-287;KGriffin@gmail.com;28-12-1999;customer
0731;Mr Jermaine Lewis;MUS;Westside Freeway 3;46045;Goldsmith;828-282-548;JLewis@yahoo.com;31-08-1998;customer
0146;Mr Alden Perez;MKD;San Simeon 34;56541;Flom;327-968-07;APerez@msn.com;17-08-1968;prospect
0591;Ms Katie White;COK;Lindbergh Blvd 26;63849;Gobler;548-755-562;KWhite@yahoo.com;02-05-1989;customer
0794;Mr Ariel Johnson;COK;North Preisker Lane 8;27956;Maple;444-116-530;AJohnson@yahoo.com;28-03-1988;customer
0631;Ms Eve King;LBR;Harry S Truman Blvd 10;62017;Coffeen;;EKing@yahoo.com;01-12-1959;beneficiary
0807;Mrs Shannon Rodriguez;GUM;Steele Lane 29;29456;Ladson;;SRodriguez@gmail.com;15-02-1983;beneficiary
0470;Mr Earl Rivera;BFA;Castillo Drive 19;42715;Breeding;055-384-825;ERivera@gmail.com;17-05-1971;prospect
0706;Mr Dylan Bailey;PNG;Corona Del Mar 35;25202;Tornado;432-579-792;DBailey@msn.com;14-08-1953;customer
0153;Mr Dominic Thomas;MOZ;Katella Avenue 7;17979;Summit Station;186-290-986;DThomas@msn.com;08-12-1972;prospect
0459;Mrs Zoe James;NFK;Jean de la Fontaine 21;23308;Bloxom;064-907-191;ZJames@msn.com;14-12-1976;customer
0155;Mrs Madeleine Johnson;BVT;Hutchinson Rd 48;62859;McLeansboro;;MJohnson@gmail.com;25-02-1973;beneficiary
0156;Mrs Morgan Hill;ATF;S Rustle St 9;62846;Ina;973-360-836;MHill@yahoo.com;13-07-1956;prospect
0345;Mr Demarcus Peterson;SLE;Santa Rosa South 34;15061;Monaca;;DPeterson@msn.com;25-12-1979;beneficiary
0798;Mr Aidan Parker;GAB;Harbor Dr 27;01985;West Newbury;;AParker@msn.com;29-08-1984;prospect
0159;Ms Megan Coleman;VGB;French Camp Turnpike Road 45;16644;Glasgow;982-545-079;MColeman@gmail.com;02-11-1958;prospect
0498;Mrs Lara Perry;FIN;San Simeon 7;12094;Johnsonville;316-129-955;LPerry@gmail.com;13-09-1999;customer
0870;Mrs Millie Phillips;GNQ;Katella Avenue 26;24867;New Richmond;;MPhillips@yahoo.com;04-12-1957;beneficiary
0615;Ms Eve Scott;GLP;Richmond Hill 31;07825;Blairstown;;EScott@msn.com;14-04-1992;prospect
0509;Mr Julien Jones;KEN;S Rustle St 37;50034;Blairsburg;395-255-553;JJones@yahoo.com;17-03-1962;prospect
0796;Ms Jade Murphy;SUR;Carpinteria South 36;30533;Dahlonega;;JMurphy@gmail.com;24-09-1998;beneficiary
0994;Mr Alfredo Cox;LCA;S Rustle St 49;03042;Epping;089-237-398;ACox@gmail.com;11-07-1965;customer
0166;Mr Dennis Gonzalez;CRI;W. Russell St. 26;66859;Lost Springs;;DGonzalez@gmail.com;18-06-1985;prospect
0524;Ms Isabelle Sanders;MYT;San Diego Freeway 21;67361;Sedan;610-826-877;ISanders@msn.com;19-01-1978;customer
0488;Mr Ahmed Martinez;SCG;Harry S Truman Blvd 10;57049;North Sioux City;079-563-746;AMartinez@msn.com;17-12-2000;customer
0169;Mr Abdiel Allen;PSE;Bailard Avenue 36;74741;Hendrix;;AAllen@msn.com;15-07-1989;beneficiary
0613;Mr Alden Davis;TGO;Grandview Drive 32;34652;New Port Richey;917-225-528;ADavis@yahoo.com;22-02-2000;customer
0733;Ms Madison Martin;MMR;South Roosevelt Drive 10;04690;West Tremont;;MMartin@yahoo.com;01-05-1985;prospect
0317;Mrs Melissa Alexander;COK;Woodson Rd. 27;79036;Fritch;;MAlexander@yahoo.com;08-07-1993;beneficiary
0830;Mr Jeremy Sanders;VAT;Carpinteria Avenue 10;54457;Nekoosa;;JSanders@msn.com;21-06-1976;beneficiary
0174;Mr Alonzo Jones;MCO;Lindbergh Blvd 19;23901;Farmville;067-773-426;AJones@yahoo.com;28-08-1956;prospect
0307;Mr Alan Jones;JPN;Via Real 17;04039;Gray;056-688-081;AJones@yahoo.com;28-01-1955;prospect
0638;Ms Amelia Hayes;SWE;South Roosevelt Drive 17;99657;Russian Mission;;AHayes@msn.com;10-11-1970;beneficiary
0469;Mr Derick Baker;ZAF;San Diego Freeway 21;15033;Donora;;DBaker@msn.com;18-09-1994;beneficiary
0178;Mr Abdullah Barnes;MYS;Hutchinson Rd 29;70732;Fordoche;;ABarnes@gmail.com;17-06-1979;beneficiary
0516;Mr Jovan Turner;IRQ;North Ventu Park Road 14;06387;Wauregan;;JTurner@yahoo.com;15-03-1999;prospect
0805;Mrs Niamh Coleman;DEU;Hutchinson Rd 4;36080;Titus;269-066-200;NColeman@yahoo.com;19-08-1982;customer
0773;Ms Isabella Ramirez;GUY;Padre Boulevard 30;70030;Des Allemands;169-924-291;IRamirez@yahoo.com;30-04-1981;prospect
0720;Mrs Isabel Russell;MSR;Hutchinson Rd 36;25505;Big Creek;260-377-452;IRussell@yahoo.com;21-02-1958;customer
0183;Mrs Holly Young;ARE;Bayshore Freeway 22;65080;Tebbetts;;HYoung@msn.com;22-10-1983;prospect
0184;Mr Emmanuel Lee;GHA;Lindbergh Blvd 18;87548;Medanales;140-455-548;ELee@yahoo.com;20-07-1974;customer
0889;Mr Julien Taylor;GLP;Katella Avenue 16;98622;Heisson;;JTaylor@msn.com;30-10-1957;beneficiary
0473;Mr Eli Foster;BWA;San Marcos 43;55940;Hayfield;;EFoster@yahoo.com;09-12-1998;prospect
0882;Mr Alexander Stewart;MTQ;Via Real 4;54513;Brantwood;;AStewart@msn.com;15-12-1988;beneficiary
0943;Mr Drake Wood;NRU;Carpinteria Avenue 3;02740;New Bedford;167-062-128;DWood@yahoo.com;02-10-1984;customer
0369;Mrs Harriet Thomas;LIE;South Roosevelt Drive 42;25670;Delbarton;;HThomas@yahoo.com;08-03-1988;prospect
0190;Mr Alejandro Ward;GRL;North Atherton Street 33;41377;Talbert;131-902-369;AWard@gmail.com;11-07-1972;customer
0191;Ms Bethany Powell;BRN;Santa Rosa South 40;0782;Comerio;206-098-691;BPowell@msn.com;08-10-1964;customer
0278;Mr Alessandro Miller;PHL;Santa Rosa South 46;05765;Proctor;994-889-446;AMiller@gmail.com;18-08-1964;customer
0315;Mr Jessie Taylor;FRA;Calle Real 30;17965;Port Carbon;;JTaylor@msn.com;24-07-1975;beneficiary
0668;Ms Zara Price;MRT;Timberlane Drive 19;78952;Plum;;ZPrice@gmail.com;20-08-1983;beneficiary
0313;Mr Kayden Kelly;GRL;Cleveland Ave. 48;56328;Flensburg;815-454-071;KKelly@yahoo.com;08-09-1975;customer
0846;Mrs Zara Walker;STP;North Atherton Street 45;97057;Shaniko;;ZWalker@yahoo.com;16-09-1968;beneficiary
0250;Mrs Tegan Rivera;MOZ;East 1st Street 6;86320;Ash Fork;;TRivera@msn.com;09-09-1983;prospect
0765;Mr Julien Patterson;GNB;San Marcos 15;45767;New Matamoras;;JPatterson@gmail.com;28-07-1957;beneficiary
0691;Ms Laura Edwards;TJK;North Erringer Road 36;53086;Slinger;;LEdwards@gmail.com;30-07-1997;beneficiary
0866;Ms Ellie Williams;MLI;Lindbergh Blvd 17;17957;Muir;457-771-598;EWilliams@gmail.com;01-10-1973;prospect
0395;Ms Brooke Hall;FRA;San Ysidro Blvd 13;96132;Termo;;BHall@gmail.com;18-04-1990;beneficiary
0861;Mr Austen Long;IRN;Carpinteria South 16;34449;Inglis;025-233-788;ALong@msn.com;05-06-1957;prospect
0577;Mrs Jasmine Clark;KOR;N Harrison St 11;43407;Burgoon;;JClark@msn.com;29-08-2000;prospect
0554;Mrs Chloe Gonzales;EST;Timberlane Drive 30;95312;Cressey;;CGonzales@yahoo.com;19-08-1996;prospect
0425;Mrs Bethany Thompson;TUN;Erringer Road 17;19503;Bally;;BThompson@yahoo.com;13-07-1995;prospect
0206;Mrs Abigail Bell;TGO;E Fowler Avenue 27;47591;Vincennes;395-948-256;ABell@msn.com;24-09-1984;customer
0288;Mr Jesse Anderson;FRA;Harry S Truman Blvd 21;26148;Macfarlan;232-178-278;JAnderson@gmail.com;29-05-1958;prospect
0536;Ms Danielle Ross;FRO;Timberlane Drive 18;74646;Nardin;;DRoss@gmail.com;02-05-1954;beneficiary
0904;Ms Aaliyah Wood;YEM;E Fowler Avenue 7;22957;Montpelier Station;;AWood@msn.com;28-03-1991;beneficiary
0210;Ms Danielle Ross;TGO;San Diego Freeway 2;56226;Clontarf;;DRoss@msn.com;25-08-1963;beneficiary
0325;Ms Niamh Alexander;EGY;S Rustle St 21;78583;Rio Hondo;;NAlexander@gmail.com;13-01-1960;beneficiary
0982;Ms Ellie Thompson;BRN;South Highway 16;02041;Green Harbor;;EThompson@yahoo.com;12-04-1980;beneficiary
0565;Mrs Charlotte Howard;CRI;E Fowler Avenue 24;99027;Otis Orchards;;CHoward@msn.com;04-07-1967;beneficiary
0863;Mrs Courtney Gonzalez;SYR;W. Russell St. 11;02093;Wrentham;113-828-165;CGonzalez@yahoo.com;05-09-1972;customer
0461;Mr Kayden Wilson;GNB;E Fowler Avenue 7;45899;Wren;;KWilson@yahoo.com;08-12-1957;beneficiary
0216;Mrs Alexandra Collins;SWZ;Burnett Road 21;97054;Deer Island;508-130-534;ACollins@gmail.com;01-07-1966;customer
0547;Ms Evie Hernandez;GMB;Greenwood Road 44;44004;Ashtabula;;EHernandez@msn.com;20-07-1988;prospect
0977;Mr Joaquin Morris;MDA;Bailard Avenue 23;08068;Pemberton;;JMorris@gmail.com;18-05-1992;beneficiary
0241;Mr Emmett Clark;MDG;E Fowler Avenue 25;94101;San Francisco;996-465-998;EClark@gmail.com;15-12-1973;customer
0752;Mr Dorian Wilson;SVK;North Preisker Lane 16;04411;Bradley;748-835-245;DWilson@msn.com;08-07-1979;customer
0690;Mrs Emily Edwards;SHN;Calle Real 40;99647;Pedro Bay;;EEdwards@gmail.com;16-04-1986;beneficiary
0857;Mr Jett Ramirez;NGA;Lake Tahoe Blvd. 11;21762;Libertytown;948-05-969;JRamirez@gmail.com;14-05-1973;prospect
0992;Mrs Mollie Nelson;BRA;Erringer Road 27;07205;Hillside;787-847-461;MNelson@gmail.com;13-05-1972;prospect
0932;Mrs Jessica Young;TKM;Fairview Avenue 29;38390;Yuma;841-284-820;JYoung@gmail.com;14-02-1954;customer
0924;Mr Alberto Rivera;NIC;Greenwood Road 14;54725;Boyceville;239-918-859;ARivera@gmail.com;12-10-1975;customer
0510;Mrs Imogen Cox;MEX;East Main Street 33;43045;Milford Center;;ICox@yahoo.com;10-03-1963;beneficiary
0596;Mr Angelo Hughes;LBN;East Fry Blvd. 3;05461;Hinesburg;209-394-986;AHughes@gmail.com;28-02-1962;customer
0422;Mr Eddie Moore;GIB;Erringer Road 36;05872;West Charleston;611-084-889;EMoore@gmail.com;18-08-1988;customer
0229;Mr Dwayne Sanders;JOR;Castillo Drive 42;78562;La Villa;;DSanders@msn.com;18-02-1962;beneficiary
0230;Ms Imogen Perry;ASM;Bayshore Freeway 34;57384;Wolsey;454-810-964;IPerry@msn.com;02-03-1958;prospect
0287;Mr Joan Thompson;DMA;Carpinteria North 11;18936;Montgomeryville;245-916-845;JThompson@msn.com;28-02-1955;customer
0968;Mrs Lydia Washington;UKR;San Diego Freeway 16;74447;Okmulgee;;LWashington@yahoo.com;02-12-1998;beneficiary
0544;Ms Lucy Phillips;VAT;Grandview Drive 20;46057;Michigantown;;LPhillips@msn.com;10-06-1982;beneficiary
0344;Mr Devyn Patterson;SOM;Fairview Avenue 39;98430;Camp Murray;778-763-745;DPatterson@gmail.com;07-05-1973;prospect
0235;Ms Evie Davis;IRN;East Calle Primera 31;17961;Orwigsburg;;EDavis@yahoo.com;15-04-1990;prospect
0283;Mr Dillon Parker;NAM;East Calle Primera 19;77375;Tomball;167-511-494;DParker@msn.com;29-11-1972;prospect
0688;Mr Abel Bell;GHA;Castillo Drive 28;17743;Leroy;;ABell@msn.com;20-07-1961;customer
0555;Mr August Campbell;ERI;N Harrison St 11;06405;Branford;253-593-359;ACampbell@gmail.com;19-12-1957;customer
0636;Mr Efrain Coleman;GUY;Erringer Road 25;07960;Morristown;950-051-340;EColeman@msn.com;08-08-1960;customer
